activity,sport_and_discipline
1-1 Ski,SNOWSPORT SKIING
11-a-side,FOOTBALL
13-17 years Safe Summer Swim,SWIMMING
2-1 Ski,SNOWSPORT SKIING
20-20-20,No Match
3G - 5-a-side Pitch,No Match
3G Pitch Hire,No Match
5 A Side,FOOTBALL
5 A Side ATP,FOOTBALL
5 A Side Football,FOOTBALL
5-a-Side Football,FOOTBALL
5-a-side,FOOTBALL
50+,No Match
50+ Badminton,BADMINTON
50+ Classes,EXERCISE AND FITNESS
6-a-side,No Match
7 A Side Football (Adult),FOOTBALL
7 A Side Football (Adult-Caged),FOOTBALL
7-a-side,FOOTBALL
8-a-side,No Match
ABS,EXERCISE AND FITNESS
AWP 1/3 Hire Weekday,No Match
AWP 1/3 Hire Weekend,No Match
Ability Counts,No Match
Abs,EXERCISE AND FITNESS
Abs & Core,EXERCISE AND FITNESS
Abs Blast Express,EXERCISE AND FITNESS
Abs/Core,EXERCISE AND FITNESS
Abseiling,MOUNTAINEERING
Access All Areas,No Match
Acting,No Match
Active Living Circuit - Cardiac,EXERCISE AND FITNESS
Active Living Gym - COPD,EXERCISE AND FITNESS
Active Living Gym - Cardiac,EXERCISE AND FITNESS
Active Seniors,No Match
Activities,No Match
Activity Holiday Camp,No Match
Adult 5 v 5 Football Pitches,FOOTBALL
Adult 7 v 7 Football Pitches ,FOOTBALL
Adult Activities,No Match
Adult Badminton,BADMINTON
Adult Beginners Tennis (16yrs+),TENNIS
Adult Climbing Club,MOUNTAINEERING
Adult Grass Pitch,No Match
Adult Gym Induction,No Match
Adult Intermediate+ Tennis (16yrs+),TENNIS
Adult Only Casual Swimming,SWIMMING
Adult Pickleball,No Match
Adult Premium 11 v 11,FOOTBALL
Adult Premium Half 11 v 11,FOOTBALL
Adult Standard 11 v 11,FOOTBALL
Adult Standard Half 11 v 11,FOOTBALL
Adult Swimming Lessons,SWIMMING
Adult Tennis ,TENNIS
Adventure Golf,GOLF
Aerial,EXERCISE AND FITNESS
Aerial Discipline,EXERCISE AND FITNESS
Aerial Hoop,EXERCISE AND FITNESS
Aerial Silks,EXERCISE AND FITNESS
Aerobics,EXERCISE AND FITNESS
Aerobics - Senior,EXERCISE AND FITNESS
Aerobics Gold,EXERCISE AND FITNESS
Aerobics and Cardio,EXERCISE AND FITNESS
African Dance,DANCE
Afrobeats,DANCE
Aikido,AIKIDO
Airsoft Target Shooting,SHOOTING
Alive HIIT,EXERCISE AND FITNESS
Alive Total Conditioning,EXERCISE AND FITNESS
American Football,AMERICAN FOOTBALL
Angling,ANGLING
Animal Flow®,EXERCISE AND FITNESS
Aqua,EXERCISE AND FITNESS
Aqua Aerobics,EXERCISE AND FITNESS
Aqua Challenge - Inflatable Obstacle Course,EXERCISE AND FITNESS
Aqua Challenge Party,EXERCISE AND FITNESS
Aqua Classes,EXERCISE AND FITNESS
Aqua Dance,EXERCISE AND FITNESS
Aqua Express,EXERCISE AND FITNESS
Aqua Fit,EXERCISE AND FITNESS
Aqua Fit (Deep Water),EXERCISE AND FITNESS
Aqua Fit (Shallow Water),EXERCISE AND FITNESS
Aqua Fit For Ladies,EXERCISE AND FITNESS
Aqua Fitness,EXERCISE AND FITNESS
Aqua Jogging,EXERCISE AND FITNESS
Aqua Mobility,EXERCISE AND FITNESS
Aqua Natal,EXERCISE AND FITNESS
Aqua Stride,EXERCISE AND FITNESS
Aqua Therapy,EXERCISE AND FITNESS
Aqua Zumba,DANCE
Aqua Zumba®,DANCE
Aquabike,EXERCISE AND FITNESS
Aquacise,EXERCISE AND FITNESS
Aquadrome,No Match
Aquanatal,EXERCISE AND FITNESS
Aquathlon,TRIATHLON
Aquathon,TRIATHLON
Archery,ARCHERY
Art,No Match
Artistic Gymnastics,GYMNASTICS ARTISTIC
Arts,No Match
Ashtanga Yoga,YOGA
Aspatria ParkPlay,No Match
Astro 1/3 Pitch,No Match
Astro 1/4 Pitch,No Match
Astro 2/3 Pitch ,No Match
Astro Drop In Session,No Match
Astro Full Pitch,No Match
Astro Hire,No Match
Astro Turf Full Pitch Hire,No Match
Astro Turf Half Pitch Hire,No Match
Athletics,ATHLETICS
Athletics Bookings,ATHLETICS
Athletics Track,ATHLETICS TRACK AND FIELD
Aycliffe ParkPlay,No Match
BRICKFIELD PARKPLAY,No Match
Baby & Toddler Fun Swim,SWIMMING
Baby Yoga,YOGA
Baby/Toddler Activity (Under 5),EXERCISE AND FITNESS
Backbuilders,EXERCISE AND FITNESS
Badminton,BADMINTON
Badminton (1),BADMINTON
Badminton (Bowls Hall),BADMINTON
Badminton (Fearnhill),BADMINTON
Badminton (Tattenhoe),BADMINTON
Badminton - Netball Badminton Centre,BADMINTON
Badminton - New Victory Hall Holywell,BADMINTON
Badminton - No Strings,BADMINTON
Badminton - Sir David Wallace,BADMINTON
Badminton 2 none members (hall 2),BADMINTON
Badminton 2 none members hall 1,BADMINTON
Badminton 45 Minutes,BADMINTON
Badminton 55 Minutes,BADMINTON
Badminton 60 Mins,BADMINTON
Badminton Adult,BADMINTON
Badminton Class,BADMINTON
Badminton Court,BADMINTON
Badminton Court 55 min,BADMINTON
Badminton Family (2 Adult 2 Children),BADMINTON
Badminton Hall 1 1 adult 1 child £10.10,BADMINTON
Badminton Hall 1 2 children £8.40,BADMINTON
Badminton Hall 1 full court £14  (4people),BADMINTON
Badminton Hall 1 £6,BADMINTON
Badminton Hall 2 2 children £8.40,BADMINTON
Badminton Hall 2 full court £14  (4people),BADMINTON
Badminton hall 2 £6,BADMINTON
Baech Bootcamp (meet at Oasis Reception),No Match
Bag-Fit,EXERCISE AND FITNESS
Ballet,DANCE
Ballet Fitness,DANCE
Ballroom And Latin,DANCE BALLROOM
Ballroom and Latin Fitness,DANCE
Band Fitness,EXERCISE AND FITNESS
Barre,EXERCISE AND FITNESS
Barre Fitness,EXERCISE AND FITNESS
Barrecore,EXERCISE AND FITNESS
Baseball,BASEBALL
Basketball,BASKETBALL
Basketball ,BASKETBALL
Basketball (Drop in),BASKETBALL
Basketball - Activity Area,BASKETBALL
Basketball - Full Hall,BASKETBALL
Basketball - Half Court,BASKETBALL
Basketball - One Hoop,BASKETBALL
Basketball > Wheelchair Basketball,WHEELCHAIR BASKETBALL
Basketball Court,BASKETBALL
Basketball Court Jnr,BASKETBALL
Basketball Net,BASKETBALL
Basketball Nets Jnr,BASKETBALL
Basketball Practice Court,BASKETBALL
Baton Twirling,BATON TWIRLING
BeActive Swimming,SWIMMING
Beach Volleyball,VOLLEYBALL
Beam Fit,EXERCISE AND FITNESS
Beatz (13+),DANCE
Beginners Group Cycling,CYCLING
Beginners Yoga,YOGA
Belly Dance,DANCE
Bench press Workshop ,EXERCISE AND FITNESS
Bhangra,DANCE
Bhangra Fitness,DANCE
Bhangracise,DANCE
Biocircuit - Just Move Bookings,EXERCISE AND FITNESS
Biocircuit - Open Session (Off Peak) Bookings,EXERCISE AND FITNESS
Biocircuit - Open Session (Peak) Bookings,EXERCISE AND FITNESS
Blind Football,FOOTBALL
Bmx Racing,CYCLING BMX
Board Surfing,SURFING
Boardgames,No Match
Boater X,No Match
Boccia,BOCCIA
Body Attack,EXERCISE AND FITNESS
Body Balance,EXERCISE AND FITNESS
Body Blast,EXERCISE AND FITNESS
Body Blitz,EXERCISE AND FITNESS
Body Blitz Circuits,EXERCISE AND FITNESS
Body Combat,EXERCISE AND FITNESS
Body Combat™,EXERCISE AND FITNESS
Body Conditioning,EXERCISE AND FITNESS
Body Jam,DANCE
Body Jam™,DANCE
Body Mind and Soul,No Match
Body Pump,EXERCISE AND FITNESS
Body Sculpt,EXERCISE AND FITNESS
Body Step,EXERCISE AND FITNESS
Body Weight Insanity,EXERCISE AND FITNESS
BodyJam,DANCE
Bodyattack,EXERCISE AND FITNESS
Bodyattack™,EXERCISE AND FITNESS
Bodybalance™,EXERCISE AND FITNESS
Bodycombat,CHINESE MARTIAL ARTS
Bodypump,EXERCISE AND FITNESS
Bodypump™,EXERCISE AND FITNESS
Bodystep,EXERCISE AND FITNESS
Bodystep™,EXERCISE AND FITNESS
Bollywood,DANCE
Bollywood Bhangra,DANCE
Bollywood Fitness,DANCE
Boogie Bounce,EXERCISE AND FITNESS
Books,No Match
Boot Camp,EXERCISE AND FITNESS
Boot Camp (gym),EXERCISE AND FITNESS
Bootcamp,EXERCISE AND FITNESS
Born To Move,EXERCISE AND FITNESS
Bouldering,MOUNTAINEERING
Boules,No Match
Bounce,EXERCISE AND FITNESS
Bounce & Play,No Match
Bowls,BOWLS
Bowls 60 Mins,BOWLS
Bowls Rink - 2 Hour Hire (1 Person),BOWLS
Bowls Roll Up Session,BOWLS
Box Fit,BOXING
Box12,BOXING
Boxercise,BOXING
Boxfit,BOXING
Boxing,BOXING
Boxing Circuit,BOXING
Boxing Fitness,BOXING
Brazilian jiu-jitsu,BRAZILIAN JIU JITSU
Break Dance,DANCE
Breathwork,No Match
Buggy Fitness,EXERCISE AND FITNESS
Bums & Tums,EXERCISE AND FITNESS
"Bums, Tums & Thighs",EXERCISE AND FITNESS
Burlesque,DANCE
Burlesque Chair Dance,DANCE
Burlexercise,EXERCISE AND FITNESS
Burn,EXERCISE AND FITNESS
Burn and Firm,EXERCISE AND FITNESS
CH Badminton,BADMINTON
CH Basketball,BASKETBALL
CH Short Tennis,TENNIS
CH Table Tennis,TABLE TENNIS
CHILTON PARKPLAY,No Match
Cafe,No Match
Callanetics,EXERCISE AND FITNESS
Calm Functional Gym,EXERCISE AND FITNESS
Canoe Polo,CANOEING POLO
Canoe Sprint,CANOEING SPRINT
Canoeing,CANOEING
Capoeira,No Match
Cardiac Rehab,EXERCISE AND FITNESS
Cardio / Aerobics,EXERCISE AND FITNESS
Cardio Blast ,EXERCISE AND FITNESS
Cardio Combat,EXERCISE AND FITNESS
Cardio Mix,EXERCISE AND FITNESS
Cardio Tennis,TENNIS
Carnival,DANCE
Carpet Bowls,BOWLS SHORT MAT
Castle Batch ParkPlay,No Match
"Caving, Bouldering & High Ropes",MOUNTAINEERING
Cedars ParkPlay,No Match
Chair Based Exercise,EXERCISE AND FITNESS
Chair Based Yoga,YOGA
Chair Yoga,YOGA
Charleston,DANCE
Chasamba®,DANCE
Cheer Dance,DANCE
Cheerleading,No Match
Chi Ball,EXERCISE AND FITNESS
Chi Kung,CHINESE MARTIAL ARTS QIGONG
Chi-Flow Tai Chi,CHINESE MARTIAL ARTS TAI CHI
Chiball,No Match
Chichester ParkPlay,No Match
Children's Activities,No Match
Children's Area (ST),No Match
Chinese Movement & Dance Fitness,EXERCISE AND FITNESS
Chorus and a Cuppa,No Match
Circl,EXERCISE AND FITNESS
Circuit,EXERCISE AND FITNESS
Circuit Training,EXERCISE AND FITNESS
Circuits,EXERCISE AND FITNESS
Circus Skills,EXERCISE AND FITNESS
Clevedon ParkPlay,No Match
Climbing,MOUNTAINEERING
Climbing Beginners ,MOUNTAINEERING
Climbing Session,MOUNTAINEERING
Climbing Session Home Education,No Match
Climbing Wall,MOUNTAINEERING
Climbing Zone,MOUNTAINEERING
Clip n Climb,MOUNTAINEERING
Club Cardio,EXERCISE AND FITNESS
Club Perks Do Not Book,No Match
Clubbercise,EXERCISE AND FITNESS
Cluny Square ParkPlay,No Match
Cold Water Swimming,SWIMMING
Combat,EXERCISE AND FITNESS
Combat Mix,EXERCISE AND FITNESS
Commercial,No Match
Community,No Match
Community Cycle Circuit,CYCLING
Community projects,No Match
Conditioning,EXERCISE AND FITNESS
Contemporary,DANCE
Cookery,No Match
Core,EXERCISE AND FITNESS
Core Blast,EXERCISE AND FITNESS
Core Stability,EXERCISE AND FITNESS
Core Strength,EXERCISE AND FITNESS
Core Training,EXERCISE AND FITNESS
Cornholme ParkPlay,No Match
Cornish Pilot Gig Rowing,ROWING
Couch2Kilos Ladies Only,EXERCISE AND FITNESS
Country And Western,DANCE
Countryside Activties,No Match
Court Hire,No Match
Creche,No Match
Creche 1 Child,No Match
Creche 1 Hour,No Match
Creche 2 Children,No Match
Creche 2 Hour,No Match
Creepy Crawlies,No Match
Cricket,CRICKET
Cricket Net,CRICKET
Cricket Nets,CRICKET
Cricket Pitch,CRICKET
Cricket nets,CRICKET
Cross Fit,EXERCISE AND FITNESS
Cross Training,EXERCISE AND FITNESS
Cross training machine,EXERCISE AND FITNESS
Crossfit,EXERCISE AND FITNESS
Crèche,No Match
Cubatone,DANCE
Curling,CURLING
Current Member Review,No Match
Cx Worx™,EXERCISE AND FITNESS
Cxworx - Virtual,EXERCISE AND FITNESS
Cycle Back to Fitness,CYCLING
Cycling,CYCLING
Cycling > Recreational Cycling,CYCLING
Cycling Classes,CYCLING
DDmix,DANCE
Dance,DANCE
Dance Aerobics,DANCE
Dance Beatz,DANCE
Dance Fit,DANCE
Dance Fit - Senior,DANCE
Dance Fit Gold (50+),DANCE
Dance Fitness,DANCE
Dance Moves,DANCE
DanceFit,DANCE
Dancercise,DANCE
Deaf Tennis,TENNIS
Deep Aqua,EXERCISE AND FITNESS
Deep Water Aerobics,EXERCISE AND FITNESS
Deep Water Aqua Fit,EXERCISE AND FITNESS
Deep Water Fitness,EXERCISE AND FITNESS
Denham Way Playing Fields,No Match
Diddi Dance,DANCE
Dino Adventure Golf,GOLF
Disability & Inclusion Activities,DISABILITY SPORT
Disability Sport,DISABILITY SPORT
Disability Swimming,SWIMMING
Disc Golf,No Match
Disco,DANCE
Diving,SWIMMING DIVING
Dodgeball,DODGEBALL
Dog Walking,No Match
Duathlon,TRIATHLON
Ducklings,SWIMMING
EASINGTON COLLIERY PARKPLAY,No Match
Early Years,No Match
Early Years Play,No Match
Elevate Classes,No Match
Endurance Training,EXERCISE AND FITNESS
Equestrian,EQUESTRIAN
Equestrian > Pony Trekking,EQUESTRIAN HORSE AND PONY RIDING
Eversley ParkPlay,No Match
Everybody Can SEND,No Match
Exercise Ball,EXERCISE AND FITNESS
Exercise Class,EXERCISE AND FITNESS
Exercise bike,EXERCISE AND FITNESS
Express Group Cycling,CYCLING
Extend,EXERCISE AND FITNESS
FITIN,No Match
FLexercise,EXERCISE AND FITNESS
Fabs,EXERCISE AND FITNESS
Falls and Exercise Management,EXERCISE AND FITNESS
Family Climb Time .,MOUNTAINEERING
Family Fun Swim,SWIMMING
Family Swim,SWIMMING
Family Zone Swim,SWIMMING
Fell Running,ATHLETICS MOUNTAIN/FELL
Fencing,FENCING
Fight Fx,EXERCISE AND FITNESS
Fight Klub Bag Box,BOXING
Fight Klub Boot Camp,EXERCISE AND FITNESS
Fight Klub Drum N Bass,DANCE
First Touch Football (2 - 4 years),FOOTBALL
Fitball,EXERCISE AND FITNESS
Fitness Activity Plan,EXERCISE AND FITNESS
Fitness Check In,No Match
Fitness Classes,EXERCISE AND FITNESS
Fitness Courses,EXERCISE AND FITNESS
Fitness Pilates,EXERCISE AND FITNESS
Fitness Pliates,EXERCISE AND FITNESS
Fitness Programme,EXERCISE AND FITNESS
Fitness Suite,EXERCISE AND FITNESS
Fitness Welcome,EXERCISE AND FITNESS
Fitness Yoga,YOGA
Fitness for Netball,EXERCISE AND FITNESS
Fitsteps®,DANCE
Five a Side ,FOOTBALL
Fives,FIVES
Flag Football,FOOTBALL
Flat Green Bowls,BOWLS
Flexibility for Climbers Workshop Beginners+,EXERCISE AND FITNESS
Flexibility/Stretching,EXERCISE AND FITNESS
Float Fit,EXERCISE AND FITNESS
FloatFit,EXERCISE AND FITNESS
Folk Dance,DANCE
Food and drink,No Match
Football,FOOTBALL
Football Pitch,FOOTBALL
Footwork Workshop Beginners+,DANCE
Forever Fit,EXERCISE AND FITNESS
Forrest Yoga,YOGA
Free Swim Sessions,SWIMMING
Freestyle,DANCE
Full Basketball Court,BASKETBALL
Fun 4 All,EXERCISE AND FITNESS
Fun Keep Fitmovement To Music,DANCE
Fun Swim with Water Walkerz,SWIMMING
Fun Swimming,SWIMMING
Fun Swimming Main Pool,SWIMMING
Fun Swimming Toddler Pool,SWIMMING
Fun with Floats,EXERCISE AND FITNESS
Functional Circuit,EXERCISE AND FITNESS
Functional Core,EXERCISE AND FITNESS
Functional Fitness,EXERCISE AND FITNESS
Funk,DANCE
Futsal,FOOTBALL FUTSAL
Futsal Court,FOOTBALL FUTSAL
G+ Badminton,BADMINTON
G+ Racquets,No Match
GP Referral Classes,No Match
GREAT WAKERING PARKPLAY,No Match
Gaelic Football,GAELIC GAMES FOOTBALL
Gardening,No Match
General Fitness for Older Adults,EXERCISE AND FITNESS
General Swim,SWIMMING
General Use,No Match
Get togethers,No Match
"Glide: Bums, Tums & Thigh",EXERCISE AND FITNESS
Gliding,AIR SPORTS GLIDING
Gloucester ParkPlay,No Match
Glow Beatz (13+),DANCE
Golf,GOLF
Golf - 18 Holes,GOLF
Golf - 9 Holes,GOLF
Good Boost,EXERCISE AND FITNESS
Grass Pitch,No Match
Grass Pitch and Changing Room,No Match
Green Quarter,No Match
"Greenford Baptist Church (Apr '24 - Mar ’25) Mon, 10.30am (S&B L1)",No Match
"Greenford Baptist Church (Apr '24 - Mar ’25) Mon, 9.30am (S&B L2)",No Match
Greenstead ParkPlay,No Match
Grit - Cardio,EXERCISE AND FITNESS
Groove Fx,DANCE
Group Cycling,CYCLING
Group Cycling 30,CYCLING
Group Cycling Family (8+),CYCLING
Group Exercise,EXERCISE AND FITNESS
Group Exercise > Multi Fitness > Body Conditioning,EXERCISE AND FITNESS
Group Exercise > Yoga,YOGA
Group Gym Induction,No Match
Gym,EXERCISE AND FITNESS
Gym Activities,EXERCISE AND FITNESS
Gym Classes,EXERCISE AND FITNESS
Gym Floor Booking,EXERCISE AND FITNESS
Gym Floor Class,EXERCISE AND FITNESS
Gym Fusion,EXERCISE AND FITNESS
Gym Hiit,EXERCISE AND FITNESS
Gym Hire,No Match
Gym Induction,No Match
Gym Inductions,No Match
Gym Session,EXERCISE AND FITNESS
Gym Workout,EXERCISE AND FITNESS
Gym and Functional,EXERCISE AND FITNESS
Gym/Health Club,EXERCISE AND FITNESS
Gymnasium,EXERCISE AND FITNESS
Gymnastics,GYMNASTICS
H.I.I.T,EXERCISE AND FITNESS
HIIT,EXERCISE AND FITNESS
HIIT Cardio,EXERCISE AND FITNESS
Half Hall Hire,No Match
Hall Hire,No Match
Halloween Party,No Match
Handball,HANDBALL
Handcycling,CYCLING
Harwich ParkPlay,No Match
Hatha Yoga,YOGA
Hatton Boxing,BOXING
Health,No Match
Health Spa Activites (ST),No Match
Health Suite,No Match
Health Suite Session,No Match
Health Swim - Over 60's,SWIMMING
Heysham ParkPlay,No Match
High Ropes,EXERCISE AND FITNESS
Hiitcircuit,EXERCISE AND FITNESS
Hiitnride,CYCLING
Hiitstep,EXERCISE AND FITNESS
Hiking,MOUNTAINEERING HILL WALKING
Hill Walking,MOUNTAINEERING
Hip Hop,DANCE
Hobbies and crafts,No Match
Hockey,HOCKEY
Hockey > Field Hockey,HOCKEY
Holiday Club,No Match
Holywell Studio Classes,EXERCISE AND FITNESS
Hoop Dance,DANCE
Hot Yoga,YOGA
Hour of Power,EXERCISE AND FITNESS
Hula Fitness,EXERCISE AND FITNESS
Hydro Spin,EXERCISE AND FITNESS
Hydro Therapy,EXERCISE AND FITNESS
Hydroride,EXERCISE AND FITNESS
Hydrospin,EXERCISE AND FITNESS
Hyperice leg compression 15 minutes,No Match
Hyperice leg compression 30 minutes,No Match
Hyperice leg compression 45 minutes,No Match
Ice Hockey,ICE HOCKEY
Ice Skating,ICE SKATING
In Body Scan,No Match
InBody Assessment,No Match
Indoor 5 a side football,FOOTBALL
Indoor Bowls,BOWLS
Indoor Cricket,CRICKET
Indoor Cycling,CYCLING
Indoor Cycling - Virtual,CYCLING
Indoor Football,FOOTBALL FUTSAL
Indoor Hockey,HOCKEY
Indoor Netball ,NETBALL
Indoor Rowing,ROWING
Indoor Tennis,TENNIS
Indoor Tennis 90mins,TENNIS
Indoor Volleyball,VOLLEYBALL
Inflatable Fun,No Match
Insanity,EXERCISE AND FITNESS
Interval Training,EXERCISE AND FITNESS
Interval Training (HIIT),EXERCISE AND FITNESS
Iyengar Yoga,YOGA
Jackmans ParkPlay,No Match
Jagua®,DANCE
Javelin Throw,ATHLETICS TRACK AND FIELD
Jaywick ParkPlay,No Match
Jazz,DANCE
Jazz Fitness,DANCE
Jazzercise,DANCE
Jivamukti Yoga,YOGA
Jogging,ATHLETICS ROAD
John Whitehead ParkPlay,No Match
Ju-Jitsu,JU-JITSU
Jubilee ParkPlay,No Match
Judo,JUDO
Junior,No Match
Junior 5 v 5 Football Pitches,FOOTBALL
Junior 7 v 7 Football Pitches ,FOOTBALL
Junior Activities,No Match
Junior Badminton,BADMINTON
Junior Circuits,EXERCISE AND FITNESS
Junior Climbing Club,MOUNTAINEERING
Junior Fitness Bookings,EXERCISE AND FITNESS
Junior Football,FOOTBALL
Junior Football (Sports Hall),FOOTBALL
Junior Gym,EXERCISE AND FITNESS
Junior Gym ST,EXERCISE AND FITNESS
Junior Induction,No Match
Junior Pickleball,No Match
Junior Premium 11 v 11 ,FOOTBALL
Junior Premium Half 11 v 11,FOOTBALL
Junior Standard 11 v 11,FOOTBALL
Junior Standard Half 11 v 11,FOOTBALL
Junior Tennis ,TENNIS
Just Play- Cheerleading,EXERCISE AND FITNESS
KASET - The Drop In!,No Match
KASET Skatepark - 6+ years (mixed),SKATEBOARDING
KFA,EXERCISE AND FITNESS
KFA Seated/Chair,EXERCISE AND FITNESS
Karate,KARATE
Karting,MOTOR SPORTS KARTING
Kayaking,CANOEING
Keep Fit,EXERCISE AND FITNESS KEEP FIT
Kettle Bells,EXERCISE AND FITNESS
Kettlebell Classes,EXERCISE AND FITNESS
Kettlebell Xpress,EXERCISE AND FITNESS
Kettlebells,EXERCISE AND FITNESS
Kettlercise,EXERCISE AND FITNESS
Kfa Body Moves,EXERCISE AND FITNESS
Kfa Mature Moves,EXERCISE AND FITNESS
Kfa Moves,EXERCISE AND FITNESS
Kickboxing,KICK BOXING
Kids,No Match
Kids Activities,No Match
King George V Playing Fields,No Match
Kobudo,No Match
Konga®,DANCE
Korfball,KORFBALL
Krav Maga,No Match
Kundalini Yoga,YOGA
Kung Fu,CHINESE MARTIAL ARTS KUNG FU
Kurling,CURLING
Kwik Cricket,CRICKET
LBT,EXERCISE AND FITNESS
LES MILL Body Combat,EXERCISE AND FITNESS
LES MILL Body Combat .,EXERCISE AND FITNESS
LES MILL Body Pump,EXERCISE AND FITNESS
LES MILL Sprint,CYCLING
LES MILL Sprint.,CYCLING
LES MILLS BARRE™,EXERCISE AND FITNESS
LES MILLS BodyJam,DANCE
Lacrosse,LACROSSE
Ladies Badminton,BADMINTON
Ladies Group Cycling,CYCLING
Ladies Only Functional Gym,EXERCISE AND FITNESS
Ladies Only Health Suite,No Match
Ladies Only Swim,SWIMMING
Lagoon Swim,SWIMMING
Lanchester ParkPlay,No Match
Lane Hire,SWIMMING
Lane Swimming,SWIMMING
Lane Swimming General,SWIMMING
Latin,DANCE LATIN
Latin Fitness,DANCE
Learn to Ride,CYCLING
Learning,No Match
Leavesden Country Park,No Match
Legs Bums And Tums,EXERCISE AND FITNESS
"Legs, Bums & Tums",EXERCISE AND FITNESS
"Legs, Bums and Tums",EXERCISE AND FITNESS
"Legs, Glutes & Core",EXERCISE AND FITNESS
Leisure Swim,SWIMMING
Leisure Swim & Diving Boards,SWIMMING DIVING
Leisure Waters,SWIMMING
Les Mills BODYATTACK,EXERCISE AND FITNESS
Les Mills BODYBALANCE,EXERCISE AND FITNESS
Les Mills BODYCOMBAT,EXERCISE AND FITNESS
Les Mills BODYPUMP,EXERCISE AND FITNESS
Les Mills Body Balance,EXERCISE AND FITNESS
Les Mills Core,EXERCISE AND FITNESS
Les Mills DANCE,DANCE
Les Mills GRIT Cardio,EXERCISE AND FITNESS
Les Mills GRIT Strength,EXERCISE AND FITNESS
Les Mills Grit™,EXERCISE AND FITNESS
Les Mills RPM 45,EXERCISE AND FITNESS
Les Mills SPRINT,CYCLING
Les Mills Tone™,EXERCISE AND FITNESS
Libraries,No Match
Lift,EXERCISE AND FITNESS
Lift IT!,EXERCISE AND FITNESS
Lifting workshop,EXERCISE AND FITNESS
Lindy Hop,DANCE
Line Dancing,DANCE
Lishi,EXERCISE AND FITNESS
Little Ducks,SWIMMING
Live Active Water Workout,EXERCISE AND FITNESS
Live Active Workout Classes,EXERCISE AND FITNESS
Livewell,No Match
Long Form Cricket,CRICKET
Long Jump,ATHLETICS TRACK AND FIELD
Long Ley ParkPlay,No Match
Lounge Hire,No Match
Low Impact Circuits,EXERCISE AND FITNESS
Low Ropes,EXERCISE AND FITNESS
Low-Impact Aerobics,EXERCISE AND FITNESS
Lower Body Sculpt,EXERCISE AND FITNESS
Lyrical,DANCE
Manor House Grounds,No Match
Markhams Chase ParkPlay,No Match
Martial Arts,No Match
Martial Arts > Taekwondo,TAEKWONDO
Martial Arts > Tai Chi,CHINESE MARTIAL ARTS TAI CHI
Martial Arts Fitness,No Match
Masters Swimming,SWIMMING
Medau,EXERCISE AND FITNESS
Medau Movement,EXERCISE AND FITNESS MEDAU
Meditation,No Match
Meditation & Relaxation,No Match
Meet & Greet,No Match
Mental Training Workshop Intermediate,No Match
Mental health,No Match
MetaPWR,EXERCISE AND FITNESS
Metafit,EXERCISE AND FITNESS
Metcon,EXERCISE AND FITNESS
Millom ParkPlay,No Match
Mind & Body,EXERCISE AND FITNESS
Mind & Movement,EXERCISE AND FITNESS
Mind and Body,No Match
Mindful Movements,EXERCISE AND FITNESS
Mindfulness,No Match
Mindfulness Express,No Match
Mini Pitch,No Match
Mini Tennis (6-10yrs),TENNIS
Mixed Martial Arts,No Match
Mobility Flow,EXERCISE AND FITNESS
Modern,DANCE
Modern Pentathlon,MODERN PENTATHLON
Mopsies ParkPlay,No Match
Morris Dancing,DANCE
Motivation,No Match
Motor Cycling,MOTOR CYCLING
Mountain Biking,CYCLING
Mountain Walking,MOUNTAINEERING HILL WALKING
Move More,EXERCISE AND FITNESS
Move it or Lose it,EXERCISE AND FITNESS
Moves FItness,EXERCISE AND FITNESS
Moving Efficiently Workshop Beginners+,EXERCISE AND FITNESS
Muay Thai,No Match
Muay Thai Kickboxing,KICK BOXING
Multi Dance,DANCE
Multi Fitness,EXERCISE AND FITNESS
Multi Use - 5-a-side Pitch,No Match
Multi Use - Netball Pitch,No Match
Multi Use Games Area,No Match
MultiSports,EXERCISE AND FITNESS
Multisports,EXERCISE AND FITNESS
Music,No Match
Mysore Style Ashtanga Yoga,YOGA
Myzone,EXERCISE AND FITNESS
NIA,EXERCISE AND FITNESS
NPLQ Staff Training,No Match
NRASTC Staff Training,No Match
Natural Movement,EXERCISE AND FITNESS
Naze ParkPlay,No Match
Netball,NETBALL
Netball - Indoor,NETBALL
Netball - Outdoors,NETBALL
Netball 60 Mins,NETBALL
Netball Court,NETBALL
Netball SH Hire,NETBALL
New Age Kurling,CURLING
Nia,EXERCISE AND FITNESS
Nifty 50s Dance,DANCE
Nordic Walking,RAMBLING
Northlands ParkPlay,No Match
Northstowe ParkPlay,No Match
Notts Splash Tots,SWIMMING
Obstacle Course Racing,ATHLETICS
Old Health ParkPlay,No Match
Omnia Class,No Match
Open Athletics Session,ATHLETICS
Open Water Swimming,SWIMMING
Osterley ParkPlay,No Match
Otago,EXERCISE AND FITNESS
Other,No Match
Oulton Way,No Match
Outdoor 5-a-side,FOOTBALL
Outdoor Boot Camp,EXERCISE AND FITNESS
Outdoor Netball,NETBALL
Outdoor Pitch - Adult,No Match
Outdoor Pitch Adult,No Match
Outdoor Tennis,TENNIS
Outdoor Tennis 90 Minutes,TENNIS
Outdoor Track Session,ATHLETICS TRACK AND FIELD
Over 50's - Badminton,BADMINTON
Over 50's - Bowls,BOWLS
Over 50's Badminton,BADMINTON
Overall Body,EXERCISE AND FITNESS
P90X,EXERCISE AND FITNESS
PT - Start Up,EXERCISE AND FITNESS
PT in Tameside,EXERCISE AND FITNESS
PWR-Beatz,EXERCISE AND FITNESS
Padel Tennis,TENNIS PADEL TENNIS
Paintball,No Match
Para-Badminton,BADMINTON
Parent And Toddler Workout,EXERCISE AND FITNESS
ParkPlay,No Match
Parkour,PARKOUR
Party,No Match
Party Fitness,EXERCISE AND FITNESS
Personal Profiling,No Match
Personal Programme,EXERCISE AND FITNESS
Personal Results,No Match
Personal Training,EXERCISE AND FITNESS
Personal Workout,EXERCISE AND FITNESS
Petanque,PETANQUE
Phase IV,No Match
Phase IV Cardiac Rehabilitation,EXERCISE AND FITNESS
Physiotherapy,No Match
Pickleball,No Match
Pickleball (Pre Scheduled),No Match
Pickleball 55 Minutes ,No Match
Pickleball 60mins,No Match
Pickleball Court,No Match
Pilates,EXERCISE AND FITNESS
Pilates - Active Ageing,EXERCISE AND FITNESS
Pilates/Yoga,YOGA
Pitch & Putt,GOLF
Pitch Hire,No Match
Platform Diving,SWIMMING DIVING
Play,No Match
Pole Dancing,DANCE
Pole Fitness,EXERCISE AND FITNESS
Pole Vault,ATHLETICS TRACK AND FIELD
Pool,POOL
Pool Disco,EXERCISE AND FITNESS
Pool Party,No Match
Pool Party Public Swim,SWIMMING
Popdance Active & Able,DANCE
Popdance Fit,DANCE
Pound™,EXERCISE AND FITNESS
Power Assisted Exercise,EXERCISE AND FITNESS
Power Pilates,EXERCISE AND FITNESS
Power Step,EXERCISE AND FITNESS
Power Walking,RAMBLING
PowerWave™,EXERCISE AND FITNESS
Powerboating,SAILING POWERBOATING
Powerchair Football,WHEELCHAIR BASKETBALL
Powerhoop,EXERCISE AND FITNESS
Powerlifting,POWERLIFTING
Pre / Post Natal Classes,EXERCISE AND FITNESS
Pregnancy Pilates,EXERCISE AND FITNESS
Pregnancy Yoga,YOGA
Primal Bootcamp,EXERCISE AND FITNESS
Public Skate,ICE SKATING
Public Swim Sessions,SWIMMING
Public Swimming,SWIMMING
Pump,EXERCISE AND FITNESS
Pump Fx,EXERCISE AND FITNESS
Punch And Strike,BOXING
Pure Stretch,EXERCISE AND FITNESS
Qigong,CHINESE MARTIAL ARTS QIGONG
Queenax,EXERCISE AND FITNESS
Queenax Classes,EXERCISE AND FITNESS
RPM,CYCLING
Rabble,DANCE
Racing,No Match
Racket Sports,No Match
Racketball,SQUASH
Racquetball Court,No Match
Rave Fit,EXERCISE AND FITNESS
Ravefit,EXERCISE AND FITNESS
Real Tennis,REAL TENNIS
Rebound,EXERCISE AND FITNESS
Recreational Cycling,CYCLING
Reference Class,No Match
Reference Class Do Not Book,No Match
Referral Physio,No Match
Rehab Pilates,EXERCISE AND FITNESS
Relaxation,No Match
Resistance Bands,EXERCISE AND FITNESS
Resistance Training,EXERCISE AND FITNESS
Restorative Yoga,YOGA
Rhythmic Gymnastics,GYMNASTICS RHYTHMIC
Road Cycling,CYCLING
Rock Climbing,MOUNTAINEERING
Rock and Roll,DANCE
Rockbox Fitness,EXERCISE AND FITNESS
Roller Blading,ROLLER SPORTS
Roller Derby,ROLLER SPORTS ROLLER DERBY
Roller Disco,No Match
Roller Skating,ROLLER SPORTS
Roller Sports,ROLLER SPORTS
Ropner ParkPlay,No Match
Rounders,ROUNDERS
Rowing,ROWING
Rowing machine,EXERCISE AND FITNESS
Rpm™,CYCLING
Rugby,RUGBY UNION
Rugby League,RUGBY LEAGUE
Rugby Sevens,RUGBY UNION SEVENS
Rugby Union,RUGBY UNION
Run/Bike,No Match
Running,ATHLETICS
Running Club,ATHLETICS ROAD
SH Badminton,BADMINTON
SH Basketball,BASKETBALL
SH Casual 5 a side,FOOTBALL
SH Short Tennis,TENNIS
SH Table Tennis,TABLE TENNIS
SH Volleyball,VOLLEYBALL
SHILDON PARKPLAY,No Match
SOUTHALL PARKPLAY,No Match
Sailing,SAILING
"Saint Barnabas Church (Apr '24 - Mar ’25) Mon, 1.15pm (S&B L2)",No Match
Salsa,DANCE
Salsa Fitness,DANCE
Samba,DANCE
Sauna,No Match
Scaravelli Inspired Yoga,YOGA
Schooling,No Match
Scootering,No Match
Scotsbridge,No Match
Seated Exercise,EXERCISE AND FITNESS
Self Defence,EXERCISE AND FITNESS
Senior  Activities,No Match
Senior Group Cycle,CYCLING
Senior Keep Fit,EXERCISE AND FITNESS
Sequence Dancing,DANCE
Shapemaster,EXERCISE AND FITNESS
Shapemaster Booking,EXERCISE AND FITNESS
Shbam™,DANCE
Short Form Cricket,CRICKET
Short Mat Bowls,BOWLS SHORT MAT
Short Tennis,TENNIS
Short Tennis 1 adult 1 child ,TENNIS
Short Tennis 1 adult 1 child  Hall 2,TENNIS
Short Tennis Hall 1,TENNIS
Short Tennis hall 2,TENNIS
Singing,No Match
Sir David Wallace Studio Classes,EXERCISE AND FITNESS
Sit N B Fit,EXERCISE AND FITNESS
Sitting Volleyball,VOLLEYBALL
Skate Park,SKATEBOARDING
Skate Training,SKATEBOARDING
SkateBoarding,SKATEBOARDING
Skateboarding,SKATEBOARDING
Skiing,SNOWSPORT
Skillmill bootcamp,EXERCISE AND FITNESS
Skipping,SKIPPING
Sky Trail,No Match
Small Sided Football,FOOTBALL
Snooker,SNOOKER AND BILLIARDS
Snorkelling,SUB AQUA
Social,No Match
Social Badminton,BADMINTON
Soft Play,No Match
Soft Play Promotional Session,No Match
Sosa™,DANCE
South  Oxhey Play Rangers,No Match
Spa,No Match
Space Hire,No Match
Spin,CYCLING
Spin Xpress,CYCLING
Spin and Weights,EXERCISE AND FITNESS
Spinning,CYCLING
Spivi Virtual Class,EXERCISE AND FITNESS
Splash Aerobics,EXERCISE AND FITNESS
Sports Hall,No Match
Sprint,CYCLING
Sprint®,CYCLING
Squash,SQUASH
Squash - 40 Minute Booking,SQUASH
Squash - 40 Minutes,SQUASH
Squash - 45 Minutes,SQUASH
Squash - 60 Minutes,SQUASH
Squash - Double,SQUASH
Squash - Tennis Centre,SQUASH
Squash 40 Mins,SQUASH
Squash 45 Mins,SQUASH
Squash 57,SQUASH SQUASH57
Squash 60 Mins,SQUASH
Squash Adult,SQUASH
Squash Court,SQUASH
Squash Court Activities (ST),SQUASH
Squash Promotion,SQUASH
Staff App Access,No Match
Staff Training,No Match
Stand Up Paddleboarding,CANOEING SUP
Steam Room,No Match
Step,EXERCISE AND FITNESS
Step Aerobics,EXERCISE AND FITNESS
Steps to Health,EXERCISE AND FITNESS
Stones Orchard,No Match
Street Cheer,No Match
Street Dance,DANCE
Street Dance Fitness,DANCE
Strength,EXERCISE AND FITNESS
Strength & Power Workshop Intermediate,EXERCISE AND FITNESS
Strength & Toning,EXERCISE AND FITNESS
Strength Circuits,EXERCISE AND FITNESS
Strength and Balance,EXERCISE AND FITNESS
Strength and Conditioning,EXERCISE AND FITNESS
Strength and Core,EXERCISE AND FITNESS
Stretch,EXERCISE AND FITNESS
Stretch & Mobility,EXERCISE AND FITNESS
Stretch & Tone,EXERCISE AND FITNESS
Stretch And Tone,EXERCISE AND FITNESS
Stretch Class,EXERCISE AND FITNESS
Stretch and Relax Express,EXERCISE AND FITNESS
Stretch and Tone,EXERCISE AND FITNESS
"Stretch, Strength and Balance",EXERCISE AND FITNESS
Studio Hire,No Match
Studio Strength,EXERCISE AND FITNESS
Supervised Gym,EXERCISE AND FITNESS
Supple Strength,EXERCISE AND FITNESS
Support,No Match
Surfing,SURFING
Suspension,EXERCISE AND FITNESS
Sweat,EXERCISE AND FITNESS
Sweaty Mama,EXERCISE AND FITNESS
Swim Fit,SWIMMING
Swim For All,SWIMMING
Swim For All With Flume,SWIMMING
Swim For Fitness,SWIMMING
Swim For Fitness - 50m,SWIMMING
Swim For Fitness - Deep Water,SWIMMING
Swim For Fitness-Deep Water,SWIMMING
Swim For Fun,SWIMMING
Swim For Fun - Inflatable,SWIMMING
Swim For Fun With Flume,SWIMMING
Swim For Health,SWIMMING
Swim For Relaxation,SWIMMING
Swim for Ladies,SWIMMING
Swim for Ladies ,SWIMMING
Swim for Ladies & Girls,SWIMMING
Swim for Ladies & Kids,SWIMMING
"Swim, Slide & Waves",SWIMMING
SwimFit,SWIMMING
Swimfit,SWIMMING
Swimming,SWIMMING
Swimming Clubs,SWIMMING
Swimming For All,SWIMMING
Swimming Lessons,SWIMMING
Swimming Pool Hire,SWIMMING
Swing,DANCE
Synchronised Swimming,SWIMMING SYNCHRONISED
Synrgy,EXERCISE AND FITNESS
TRE,No Match
TREVERBYN PARKPLAY,No Match
TRX Class,EXERCISE AND FITNESS
Tabata,EXERCISE AND FITNESS
Tabata Strength,EXERCISE AND FITNESS
Table Ten 1 adult & child Paid hall 1,TABLE TENNIS
Table Ten 1 adult & child Paid hall 2,TABLE TENNIS
Table Tennis,TABLE TENNIS
Table Tennis (2 Adult paid  (Hall1),TABLE TENNIS
Table Tennis (2 Adult`s  (Hall2),TABLE TENNIS
Table Tennis (Booking),TABLE TENNIS
Table Tennis (Function Room),TABLE TENNIS
Table Tennis (Squash Court),TABLE TENNIS
Table Tennis (Tattenhoe),TABLE TENNIS
Table Tennis - Edward Herbert Building,TABLE TENNIS
Table Tennis - New Victory Hall Holywell,TABLE TENNIS
Table Tennis - Squash Courts,TABLE TENNIS
Table Tennis 60 Mins,TABLE TENNIS
Table Tennis 60 Minutes,TABLE TENNIS
Table Tennis Hall 1,TABLE TENNIS
Table Tennis Hall 2,TABLE TENNIS
Table Tennis Table,TABLE TENNIS
Taekwondo,TAEKWONDO
Tag Rugby,RUGBY UNION TAG
Tag Rugby League,RUGBY LEAGUE TOUCH
Tag Rugby Union,RUGBY UNION TAG
Tai Chi,CHINESE MARTIAL ARTS TAI CHI
Tameside Swim Academy,SWIMMING
Tameside Swim School,SWIMMING
Tanita Scan,No Match
Tap,DANCE
Tap Fitness,DANCE
Target Shooting,SHOOTING
Tea Dance,DANCE
Team Sports,No Match
Techniques Workshop Beginners+,No Match
Ten-Pin Bowling,TENPIN BOWLING
Tennis,TENNIS
Tennis - Indoor - Adult,TENNIS
Tennis - Indoor Court,TENNIS
Tennis - Outdoor Court,TENNIS
Tennis 1 Adult 1 Child ,TENNIS
Tennis 1 Adult 2 children ,TENNIS
Tennis 2 Adults ,TENNIS
Tennis 2 Adults 2 Children 15 and Under ,TENNIS
Tennis 60 Mins - Floodlights,TENNIS
Tennis 60 Mins - Outdoors,TENNIS
Tennis Court,TENNIS
Tennis Full Court  4 Adults ,TENNIS
This Girl Can Classes,No Match
Toddle Time (0-4yrs),EXERCISE AND FITNESS
Toddler Group,No Match
Toddler Tuesdays (0-5yrs),No Match
Toning Suite Induction,EXERCISE AND FITNESS
Top Rope Climbing,MOUNTAINEERING
Total Body Sculpt,EXERCISE AND FITNESS
Total Body Workout,EXERCISE AND FITNESS
Total Conditioning (Buggy Friendly),EXERCISE AND FITNESS
Touch Rugby League,RUGBY LEAGUE TOUCH
Touch Rugby Union,RUGBY UNION TOUCH
Tour,No Match
Tour & Membership Consultation,No Match
Track Cycling,CYCLING TRACK
Track Session,ATHLETICS TRACK AND FIELD
Track and Field,ATHLETICS TRACK AND FIELD
TrackPro,ATHLETICS TRACK AND FIELD
Trampoline Fitness,GYMNASTICS TRAMPOLINE & DMT
Trampolining,GYMNASTICS TRAMPOLINE & DMT
Triathlon,TRIATHLON
Trigger Point,EXERCISE AND FITNESS
Trigger Point Pilates,EXERCISE AND FITNESS
Triple HIIT,EXERCISE AND FITNESS
Trx®,EXERCISE AND FITNESS
Tumble Teds,No Match
Tumble Tikes,No Match
Ultimate Frisbee,ULTIMATE
Ulverston ParkPlay,No Match
Uppingham ParkPlay,No Match
Urban,No Match
Vange ParkPlay,No Match
ViPR Training,EXERCISE AND FITNESS
Vibe Power,EXERCISE AND FITNESS
Vinyasa Yoga,YOGA
Virtual,No Match
Virtual - RPM,CYCLING
Virtual - Sprint,CYCLING
Virtual - The Trip,EXERCISE AND FITNESS
Virtual Body Attack,EXERCISE AND FITNESS
Virtual Body Balance,EXERCISE AND FITNESS
Virtual Body Combat,EXERCISE AND FITNESS
Virtual Body Pump,EXERCISE AND FITNESS
Virtual Class,EXERCISE AND FITNESS
Virtual Classes,EXERCISE AND FITNESS
Virtual Dance Movement,DANCE
Virtual GRIT Cardio,EXERCISE AND FITNESS
Virtual GRIT Strength,EXERCISE AND FITNESS
Virtual Grit,EXERCISE AND FITNESS
Virtual Indoor Cycle ,CYCLING
Virtual Indoor Cycling,CYCLING
Virtual Online Class,EXERCISE AND FITNESS
Virtual Wellbeing,EXERCISE AND FITNESS
Virtual Yoga,YOGA
Voguing,DANCE
Volleyball,VOLLEYBALL
Volleyball Court,VOLLEYBALL
Walk and Tone,RAMBLING
Walking,RAMBLING
Walking Basketball,BASKETBALL
Walking Cricket,CRICKET
Walking Football,FOOTBALL
Walking Hockey,HOCKEY
Walking Netball,NETBALL
Walking Rugby,RUGBY UNION
Walking Tennis,TENNIS
Wally Walrus,SWIMMING
Warm Yoga,YOGA
Water Aerobics,EXERCISE AND FITNESS
Water Aerobics Gold,EXERCISE AND FITNESS
Water Polo,SWIMMING WATER POLO
Water-Based Classes,EXERCISE AND FITNESS
Wattbike,CYCLING
Weight Training,EXERCISE AND FITNESS
Weight management,No Match
Weightlifting,WEIGHTLIFTING
Wellbeing – Guided Meditation,No Match
Wellbeing – Sound Meditation,No Match
Wellness Consultation,No Match
Wheelchair Basketball,WHEELCHAIR BASKETBALL
Wheelchair Dance Sport,DANCE
Wheelchair Fencing,FENCING
Wheelchair Rugby,WHEELCHAIR RUGBY
Wheelchair Tennis,WHEELCHAIR BASKETBALL
White Water Course,CANOEING WILD WATER RACING
Whole Hall Hire,No Match
Whole Hall Hire (Fearnhill),No Match
Windsurfing,SAILING WINDSURFING
Women Only Swimming,SWIMMING
Womens Wednesday,No Match
Workshop,No Match
Wrestling,WRESTLING
Wushu,CHINESE MARTIAL ARTS TRADITIONAL WUSHU
X-Fit,EXERCISE AND FITNESS
X-treme Air,No Match
Yin Yoga,YOGA
Yoga,YOGA
Yoga & Pilates Fusion,YOGA
Yoga Nidra,YOGA
Yogalates,YOGA
Yogalates™,YOGA
Zumba,DANCE
Zumba ,DANCE
Zumba Glow,DANCE
Zumba Gold,DANCE
Zumba Strong®,DANCE
Zumba®,DANCE
Zumba® Gold,DANCE
Zumba® Gold Toning,DANCE
Zumba® Toning,DANCE
bACTIVE Live Well,No Match
latin,DANCE
resistance workshop,EXERCISE AND FITNESS
squash 1 Adult and 1 child  £10.10,SQUASH
squash 2 children £8.20,SQUASH
squash crt  2 Adults £13,SQUASH
wRECk Room,No Match
